epoch,accuracy,class_emb_size
100,0.7023809523809523,512
104,0.6428571428571429,512
107,0.7261904761904762,512
109,0.6904761904761905,512
110,0.75,512
120,0.7976190476190477,512
124,0.7380952380952381,512
130,0.7619047619047619,512
135,0.7619047619047619,512
140,0.7023809523809523,512
145,0.8095238095238095,512
149,0.8214285714285714,512
150,0.7261904761904762,512
160,0.7738095238095238,512
167,0.7976190476190477,512
170,0.7619047619047619,512
171,0.75,512
180,0.7857142857142857,512
